Industry,"('OLS', 'likelihood')","('OLS', 'aic')","('OLS', 'bic')","('OLS', 'alpha')","('OLS', 'beta')","('OLS', 'sigma2')","('OLS', 'alpha_se')","('OLS', 'beta_se')","('HMM', 'convergence')","('HMM', 'likelihood')","('HMM', 'aic')","('HMM', 'bic')","('HMM', 'alpha_0')","('HMM', 'alpha_1')","('HMM', 'beta_0')","('HMM', 'beta_1')","('HMM', 'sigma2_0')","('HMM', 'sigma2_1')","('HMM', 'p00')","('HMM', 'p10')","('HMM', 'alpha_0_se')","('HMM', 'alpha_1_se')","('HMM', 'beta_0_se')","('HMM', 'beta_1_se')","('HMM', 'sigma2_0_se')","('HMM', 'sigma2_1_se')","('HMM', 'p00_se')","('HMM', 'p10_se')","('HMM', 'alpha_cov')","('HMM', 'beta_cov')","('HMM', 'sigma2_cov')","('HMM', 'prob_cov')","('HMM', 'prob_0')","('HMM', 'prob_1')","('HMM', 'mean_prob_0')","('HMM', 'mean_prob_1')"
Agric,1610.6191029516308,-3217.2382059032616,-3207.2103749536404,0.0007023797494436898,0.9150904769752795,0.0032377590696001024,0.001719384664586689,0.031999575274894075,True,1712.656345830846,-3409.312691661692,-3369.201367863208,0.0038711628844976032,-0.000397641492900563,0.9613347985587982,0.8536226307275867,0.006921052187450364,0.0014211940519699927,0.9336194046029457,0.03153260694093621,0.004572920980124233,0.0025142422648044256,0.15581432804526663,0.07175544164985594,0.0022111196042568335,0.0003011399437785776,0.0342818207865464,0.018262859876554044,-2.872153528194857e-06,-0.0054275147186407,5.294743949876923e-07,-0.00022885282926790655,0.04050929804900513,0.9594907019509947,0.3268134768173896,0.6731865231826123
Food ,2400.3698061345403,-4796.739612269081,-4786.71178131946,0.00214598337751311,0.7249079160646512,0.0007822870857660641,0.0008451501346865025,0.015729141890414983,True,2508.8203114620355,-5001.640622924071,-4961.5292991255865,0.003910606848867676,0.00128035858930996,0.7250987623042442,0.7259248274659222,0.0016589568763590791,0.0003519284463582536,0.9564443485973715,0.021639882245051142,0.0026059940627412336,0.0018454471347254795,0.05729725048456945,0.043721065380462755,0.0009428585083947451,0.00016210564654319177,0.04154362771296847,0.018010103948108907,-2.0841424835931134e-06,-0.001775510242274295,1.4636620746551765e-07,0.0001888118405845782,0.9937352786403899,0.0062647213596100666,0.3270284564052934,0.6729715435947056
Soda ,1038.363324596241,-2072.726649192482,-2063.7180728454086,0.00331127292357209,0.8226181838152498,0.0026221759444561327,0.0019955719320817653,0.045110500268151665,True,1131.4573206760263,-2246.9146413520525,-2210.8803359637595,0.004009902534147905,0.0036000613924906965,0.715560525749808,1.0239821922500572,0.0012375432708089864,0.00768926254674923,0.9879690395050366,0.04844717825907315,0.0016125212742345292,0.007553414078812526,0.051563113732263244,0.17730698083702034,0.0001054012985439454,0.0013587800701620187,0.006381152231050606,0.02166979804500418,-4.528364825008552e-07,-0.002596857356676695,4.533169728177083e-08,-4.5696326861858466e-05,0.9578048652185074,0.042195134781492526,0.7930200053233036,0.20697999467669892
Beer ,1719.9032356927755,-3435.806471385551,-3425.77864043593,0.0030340521263198315,0.9383534299827483,0.0026600029976913543,0.0015584463194129906,0.029004341690999913,True,1952.155578745766,-3888.311157491532,-3848.199833693048,0.006076678795385282,0.00289574083801058,1.068263998246601,0.830854701472444,0.008914466458297854,0.0010964992710597787,0.9736504092631318,0.006964044168632789,0.006794665530286702,0.001144146942980846,0.1264876911510055,0.039814913530429284,0.003321579203166517,8.803457945708819e-05,0.024447627865425363,0.00408328565660183,-4.029236703177556e-07,0.00028242375174601056,1.869350339089256e-07,-5.212945133316781e-05,0.005363146079617237,0.9946368539203828,0.19387420466383842,0.8061257953361631
Smoke,1813.2825659866871,-3622.5651319733743,-3612.537301023753,0.004600996831912228,0.6279938870382089,0.0022487596869198347,0.0014329212002701789,0.026668185866400882,True,1913.1545098821125,-3810.309019764225,-3770.197695965741,0.005880571921364724,0.004411395262145415,0.41236511259127995,0.651284506191188,0.0077661342353658675,0.0014953767270726689,0.9794786140307075,0.003396165455588113,0.00843073629526752,0.001274128147528047,0.35842281974031975,0.033964325369404844,0.001860878324545325,0.000172159495979497,0.03046177415776128,0.005801031797220537,-8.994163149863349e-07,-0.006034093829897675,2.23123114496559e-07,-0.0001489822000728866,0.9555251039258076,0.04447489607419227,0.1172207936295836,0.8827792063704142
Toys ,1301.9080155396168,-2599.8160310792337,-2589.7882001296125,-0.000768189600694398,1.211069815423995,0.005641315111061459,0.0022695563186093067,0.04223885425627416,True,1575.1330640132514,-3134.266128026503,-3094.1548042280187,0.004579032432139719,-0.0028435794361775964,1.1485738381409922,1.277700997786659,0.01712731128382293,0.001834584856601227,0.972490214154945,0.009436906900164195,0.007922712061898277,0.0016139987538471572,0.20888437087094724,0.04671516389414083,0.006366196182711239,0.0001758628492014914,0.014689405376231337,0.0037717028967497435,-9.03171024611952e-07,-0.0013297341585527859,6.937276302426117e-07,-4.333701136415067e-06,0.03674882156680433,0.9632511784331956,0.24695874496118636,0.7530412550388138
Fun  ,1677.5459842410492,-3351.0919684820983,-3341.064137532477,0.0006167724823088791,1.4217439690071962,0.0028705663840844216,0.0016189542714219762,0.030130458961277327,True,1779.228526132242,-3542.457052264484,-3502.345728466,0.0017429894195088998,-0.00041202797756262295,1.2459348638009626,1.6984298407044662,0.001807321193979308,0.009898111579157452,0.9848076996433429,0.11959893761501818,0.0015682295757695503,0.010416656511584944,0.04416103119238075,0.08548360668321571,0.00012757626663052412,0.0029574126672760686,0.008109473027994713,0.05807948852980033,-3.939605289350715e-06,-0.0008094683818237018,1.523583379995539e-07,-0.0002399881946181503,0.9575635095579026,0.04243649044209726,0.8863230407629805,0.1136769592370186
Books,1727.6751539976003,-3451.3503079952006,-3441.3224770455795,-0.0002622921322691491,1.1163375493554675,0.0026230794217798944,0.0015475921024160622,0.02880233318121322,True,1925.617568473308,-3835.235136946616,-3795.123813148132,0.008695430237529342,-0.0027637897352447596,1.1290289395245112,1.1030290290147982,0.00791897630956161,0.0010695397203584877,0.9559810162479866,0.01321564724712181,0.006511184944508197,0.001412775227638097,0.08818844771222475,0.053029663404992045,0.002203028440115782,0.00011286109078225352,0.026213257184129334,0.005115233086387179,-1.0406935191247706e-06,-0.0021764936504101834,1.798069694147126e-07,-4.19992319857212e-05,0.0199060178160392,0.9800939821839608,0.22263582699260331,0.7773641730073997
Hshld,2220.540742185395,-4437.08148437079,-4427.05365342117,0.0005708776451205187,0.8981766252061603,0.001081014638067971,0.000993497027348381,0.018490035165958717,True,2327.451843332973,-4638.903686665946,-4598.792362867462,0.0011361283915219513,0.0006406516290747438,0.9332819531056729,0.8614406053802602,0.00262806043229497,0.0005730599998928932,0.9662065210362658,0.01079697418627073,0.003615661588560489,0.0012699002604015742,0.10133934472665575,0.05568211712075386,0.0006466481172100753,5.0593049602530994e-05,0.02984617011854531,0.0055605986842194146,-1.7263803107739656e-06,-0.0037749903205025644,2.2900724560207056e-08,-9.172498251682275e-05,0.17535615003026098,0.824643849969739,0.24438225143118622,0.7556177485688137
Clths,1930.4992034249572,-3856.9984068499143,-3846.970575900293,0.001323365326545442,0.8163428489343127,0.001821312734182959,0.0012895644333761503,0.024000164132885166,True,2070.8540506088593,-4125.708101217719,-4085.5967774192345,0.00025730777039850597,0.004122094847307729,0.9264343114901955,0.6361447476380465,0.0010056682524362535,0.006924739094490933,0.9846273757691243,0.1062621031616869,0.001276132477927091,0.010322879780641323,0.09468657369534576,0.3487965566113654,0.000264766951720923,0.004724760947959137,0.01661975640481022,0.05806711402992104,-5.537880874525947e-06,-0.021856301172537184,1.0971492125207538e-06,2.4786833844905988e-05,0.9854491470408221,0.014550852959177803,0.8723764273857423,0.1276235726142579
Hlth ,801.8347620797404,-1599.6695241594807,-1590.88904282535,0.0004021275646876438,1.1259789436782928,0.003984926556781619,0.0026036459089343166,0.05722241194497797,True,887.0449198085701,-1758.0898396171401,-1722.9679142806174,0.008362844083116003,-0.0027078461237564602,1.1074387115624653,1.146299426952253,0.010047843333526221,0.0016671871601150264,0.9613048289534749,0.015273055764427978,0.01026734238534052,0.00330814410522526,0.18604313311654178,0.05755333324601687,0.0026228322858900983,0.00021082738124046058,0.03469925100705634,0.008906219981196038,-1.771939304192401e-05,-0.0011518766745046676,3.760137539208496e-07,-0.0001484049626232711,0.013339933781005897,0.9866600662189942,0.2720548404253523,0.7279451595746464
MedEq,1922.3667685409832,-3840.7335370819665,-3830.7057061323453,0.0030904375276155187,0.8404279173023235,0.0018481482743774918,0.0012990300278315206,0.024176328901906793,True,1990.9592060340487,-3965.9184120680975,-3925.8070882696134,0.0027856654982626166,0.0023528100212780474,0.9434660998944256,0.7528822852011406,0.0010874185782154613,0.0036694287027420874,0.9876913700566401,0.03261096796930317,0.0015558479641288078,0.004259277026388968,0.05721166208913993,0.050521895254940115,0.00012189231726641158,0.0008080669675023198,0.009708434460121651,0.026618607594441075,-2.4917425714955454e-06,-0.0002136963614160844,5.904229635539247e-08,-0.00016870182190433292,0.98175993486984,0.018240065130159924,0.7167857782307712,0.2832142217692275
Drugs,2127.007807235383,-4250.015614470766,-4239.9877835211455,0.0027736460248706848,0.8370459755552558,0.0012790591683493745,0.0010806774818527074,0.02011255604442734,True,2206.2553556698017,-4396.510711339603,-4356.399387541119,0.0031516847838757305,0.0024084844685191803,0.7702598233761522,0.9439691400289633,0.000788015164164659,0.003618302538001357,0.9830196502444832,0.087010649028753,0.0012065968194071178,0.006401996666204352,0.03520589790477655,0.07015131634948646,7.817755843083626e-05,0.0008537787246179547,0.009281471984043844,0.03105607014670731,-3.6151797214611202e-06,-0.0009785242851447782,4.850630521843799e-08,-6.351437027000232e-05,0.9781726881272927,0.021827311872707297,0.8344984995157461,0.16550150048425344
Chems,2332.3618705344584,-4660.723741068917,-4650.695910119296,0.0009449211684771142,1.0418791849745208,0.0008840717473082057,0.0008984512981313006,0.016721133169051428,True,2441.3958203133507,-4866.791640626701,-4826.680316828217,0.005978017118650795,-0.0003719916999430063,1.0673474542299228,1.0188487529169656,0.0023051614264312558,0.0004482216280000817,0.9285435233858761,0.021728844892855106,0.0032160714062686563,0.0010661706891155747,0.05043665556087951,0.04111340772112521,0.0006431368385854097,6.232523879541927e-05,0.042237439050942044,0.01036135425866476,-3.1572095221343455e-07,-0.0009535008300914886,3.149642968585225e-08,-0.00012405185277315737,0.0831006351207032,0.9168993648792967,0.22884527260766274,0.7711547273923337
Rubbr,1688.7515845612725,-3373.503169122545,-3363.5862723359496,0.0010857791671244291,1.2090774209798343,0.0023660616443074863,0.0015106962361585174,0.028210974760467328,True,1918.1224999769654,-3820.244999953931,-3780.5774128075495,-0.000681180875480863,0.010284499615847225,1.0518046124548854,1.3505832518976328,0.0008523074683783874,0.00686259775592776,0.9884380387826786,0.03546222016620113,0.0010778690716673617,0.0056963703135396865,0.03498342063641179,0.17089392576265058,7.061443855600575e-05,0.0014791760689463072,0.004789484829486002,0.019201936948182754,1.3193591839175233e-07,-0.001730399988937626,5.6106340313824624e-08,-2.7791978611241896e-05,0.99279899296287,0.007201007037129968,0.7640309957529327,0.23596900424706624
Txtls,1827.9174234871502,-3651.8348469743005,-3641.8070160246793,-0.0006057627352281198,1.1443215999310299,0.002190340755432034,0.0014141863031521165,0.02631950952715893,True,1975.0495753717246,-3934.099150743449,-3893.987826944965,-0.0019748179449292414,-0.00015394300850778446,1.155668191426054,1.131588794763642,0.006755880585406382,0.0010006089366649137,0.9197644337612143,0.020599517857227738,0.0056509189923720235,0.0012545898028654293,0.09137096653508738,0.04574071845111433,0.0017184371289730648,8.738206598603882e-05,0.029299824140938183,0.00755814761578245,-1.053373383107794e-06,-0.00152195831107611,8.189520903363568e-08,-7.872107331125466e-05,0.1736170865212864,0.8263829134787136,0.2058817908480391,0.7941182091519636
BldMt,2305.5982658917574,-4607.196531783515,-4597.168700833894,-0.0005432208098665606,1.1633581982171575,0.0009276682698364963,0.0009203375371977741,0.017128459329925558,True,2438.1999566384984,-4860.399913276997,-4820.288589478512,0.0033937212777760965,-0.001168331414362092,1.1345949221850211,1.1815377847682993,0.003851657520531238,0.0005356570527789414,0.9174185320056837,0.010765696640891007,0.007255647303474297,0.0007960498028535114,0.08221517304911663,0.03640462647272778,0.0011879288328116955,4.817795136565092e-05,0.03364358238741724,0.006762555685799683,-9.574659968123716e-07,-0.00149985907938947,3.983212711244457e-08,-8.692328391670375e-05,0.06699514471489548,0.9330048552851046,0.11669572371396623,0.8833042762860327
Cnstr,1550.1674662313321,-3096.3349324626643,-3086.307101513043,-0.0015285367014123852,1.3518222674418123,0.0036096377124493245,0.0018154428933635691,0.03378732096428445,True,1727.1006363702977,-3438.2012727405954,-3398.0899489421113,-0.00494483601894515,0.008185191063007373,1.3125340705269262,1.3841264595725165,0.001466465661363639,0.009327360626552492,0.9873265264545711,0.03343254920695481,0.0018253340256704214,0.006385552563349258,0.05505206246979106,0.12491469558899854,0.00013079308418252844,0.002223060378500571,0.008505670446508818,0.03133593765476958,-1.9337145508980695e-06,-0.003403796576258334,1.2899165744406027e-07,-0.000206153770129842,0.9897123752176763,0.010287624782323555,0.7332895844970557,0.2667104155029412
Steel,1907.9197010169655,-3811.839402033931,-3801.81157108431,-0.0026414678931332074,1.3572680992690844,0.0018967997793647015,0.00131601709209473,0.024492476214829754,True,2018.8071715960432,-4021.6143431920864,-3981.5030193936022,-0.005005652481885293,0.004894815449256156,1.1741611951081994,1.5497400644453152,0.0008930893749778132,0.003649798837076503,0.9749354422040207,0.054571245803015415,0.0014733872808832095,0.004687296429057883,0.04997894898100465,0.17624271089700622,0.00014104726195672996,0.0005666347462360138,0.020856020513010994,0.05586067595654915,-2.853981527423078e-06,-0.0044141521511182535,-8.521954173716495e-09,-0.0009839342081588555,0.42797648773130625,0.5720235122686939,0.6849075176015135,0.3150924823984848
FabPr,1010.0981221487277,-2016.1962442974555,-2007.187667950382,-0.0019659361451019024,1.1107118555329891,0.002853741216200671,0.002081822827522936,0.04706022755153172,True,1039.6347811607343,-2063.2695623214686,-2027.2352569331754,-0.0020049427915903766,-0.0017540318949893637,1.0995614350499896,1.1290935120528465,0.0015448287750253363,0.005735341361661921,0.9561172305200001,0.09640786770189384,0.003466836150101252,0.008199745934925451,0.07244205914121833,0.1390222715123819,0.00039661295290304896,0.001203530375051181,0.044045582365040074,0.05971329841343986,-1.822392370054589e-05,-0.004674802821329558,3.403307329904322e-07,-0.0018830219510976732,0.255682168812166,0.7443178311878339,0.6897890278167361,0.3102109721832652
Mach ,2356.81977310034,-4709.63954620068,-4699.61171525106,-0.000382619555769014,1.2432502344292076,0.0008460252352530449,0.000878906028361812,0.016357374933829986,True,2451.5193086097484,-4887.038617219497,-4846.927293421012,0.0020246951010663874,-0.001235906817969053,1.3071253670086913,1.1497905276831013,0.001534455918146292,0.0004226701174365961,0.982365011775037,0.01011863057114301,0.002439684014211393,0.0010605815488404448,0.037205318529715335,0.022703711876655302,0.0001831067764633377,3.91736681077406e-05,0.014773269989644414,0.007923791454891211,-1.0460306349910577e-06,-6.428524182701124e-05,1.7147803683080498e-09,-7.904007277521136e-05,0.8265517343184884,0.17344826568151167,0.36041044965366453,0.639589550346334
ElcEq,2228.7561557722725,-4453.512311544545,-4443.484480594924,0.00041800772047853076,1.284414942153007,0.0010651590769938687,0.0009861841560731789,0.018353934862363946,True,2228.7561557722725,-4441.512311544545,-4401.40098774606,0.00041800772047852815,0.00041800772047852815,1.2844149421530076,1.2844149421530076,0.0010632433232582682,0.0010632433232582682,0.5,0.5,0.0009710221831915732,0.0009710221831853122,0.026461764682218877,0.02646176468222251,5.575922683354425e-05,5.575922679001077e-05,1.1210302090534959e-12,1.1092975715761287e-12,9.428840802440372e-07,0.0007002249900972225,3.109091374657643e-09,-1.243371909714908e-24,0.5,0.5,0.5,0.5
Autos,1907.26239250781,-3810.52478501562,-3800.496954065999,-0.0002883285677751819,1.247534001793416,0.0018990435202007024,0.0013167952260377737,0.024506958114195985,True,2038.4488280285957,-4060.8976560571914,-4020.7863322587073,0.002887117015293969,-0.001565379743875941,1.3059922190374695,1.1507146685854308,0.003767864222794603,0.0007256514080806964,0.9657462259279178,0.02151981065533342,0.0032985494164785613,0.0012059171749511377,0.08014569347325586,0.030710368871470516,0.0006976666567894831,6.372193547597377e-05,0.024867175536237823,0.010738937487133962,-7.160973527069082e-07,-8.995843890523793e-05,2.182928121021488e-08,-0.00020050570140198016,0.34955204093141673,0.6504479590685833,0.37704735778858905,0.6229526422114126
Aero ,1544.1402114284697,-3084.2804228569394,-3074.252591907318,0.0029324731827571524,1.3070559465999287,0.003648980439691045,0.0018253096602665437,0.03397095197875989,True,1747.3209162689964,-3478.6418325379927,-3438.5305087395086,-0.0008697420616735031,0.016237776615608338,1.1558081495349548,1.4610125157653793,0.0013005664911833507,0.010078534334202235,0.9706170897854889,0.0861318724993935,0.001581381891990527,0.007971610171562086,0.0686054358361105,0.13160822969381594,0.00016739369772035784,0.0024137287018105367,0.014675472314125491,0.05538801541776555,-1.2588043813144803e-06,-0.0037352394953119763,2.1433122107517176e-07,-0.000572226205004291,0.8787608638939405,0.12123913610605964,0.7485882843317849,0.2514117156682136
Ships,1721.612897135286,-3439.225794270572,-3429.1979633209507,-0.0003314860936050913,1.1687865277388014,0.002651836235487923,0.0015560521032182745,0.02895978278401117,True,1844.1709958611027,-3672.3419917222054,-3632.2306679237213,0.003990711725274925,-0.0020742583816782396,1.2233585891689782,1.0836549664935216,0.005395479996161828,0.001101726926159847,0.9665493307557097,0.01792828660181356,0.004487436092169121,0.0017356706824233979,0.10389237595105189,0.11068697291220862,0.0008946173292237191,0.0001558791457992825,0.01269391238825652,0.007682029549583283,-8.298178972537308e-07,-0.008227318295834271,9.296622302540203e-08,-1.797724249549287e-05,0.3549188020598289,0.645081197940171,0.35431413426962327,0.645685865730378
Guns ,1003.750832503054,-2003.501665006108,-1994.4930886590346,0.0036133862395407025,0.8495393652464007,0.0029084919077445584,0.0021016984423816018,0.047509521768892345,True,1086.177525953246,-2156.355051906492,-2120.320746518199,0.0025929675962477034,0.0021245350207764213,1.0364022331517846,-0.4217355708769829,0.0019586807450028406,0.00737355623486161,0.9982444213113145,0.02027736509661574,0.0017557472634945745,0.0114874455319825,0.04611589434271198,0.2289367378884185,0.00013431229792013695,0.0015454144873101171,0.0020667646669400245,0.013994496323661966,2.62960805165775e-07,-0.0004004594520430747,2.4078108976018446e-09,-8.593924912028225e-06,0.9991301538175505,0.0008698461824495038,0.9107773669966667,0.08922263300333348
Gold ,582.413030316022,-1160.826060632044,-1151.8174842849705,0.002609849465808465,0.5816994300387714,0.01026895357991573,0.003949113063376898,0.08927088171589173,True,619.7794210349145,-1223.558842069829,-1187.524536681536,0.01624285528778004,-0.00034469410321173494,1.1091382536736318,0.2296680665604672,0.02037234582272317,0.006202766379491083,0.9248428665554598,0.024780306048594866,0.051819454835146356,0.010218493676639013,0.5444861380698708,0.27090011078416254,0.013196880051806264,0.002052905207542532,0.13481903942670997,0.013231440199255113,-0.00047121567796574456,0.1034959261655965,2.5642052103490823e-05,-0.00021396668606299808,0.02425315554185895,0.9757468444581411,0.2539376926000061,0.7460623073999932
Mines,1742.2969673178773,-3480.5939346357545,-3470.5661036861334,0.0007181153473628378,0.9733365662392938,0.0025549962450734315,0.0015273758436634022,0.028426087128159132,True,1831.538289143569,-3647.076578287138,-3606.965254488654,-0.0020146537591106766,0.0030606445009842085,0.9192188407074254,0.9983530709921099,0.0009115521219172643,0.0037842394772333193,0.9861702504032658,0.010799449756791469,0.001909760014401497,0.0025916982582654484,0.03348509398571247,0.05267320922974601,0.00010407044634719992,0.00024316345904490697,0.007959423583056749,0.005298089233766006,-1.0522669700296539e-06,-6.112705753753921e-05,9.771522492106518e-09,-1.7836064735429257e-05,0.07934529673376507,0.9206547032662349,0.43354423550674687,0.5664557644932562
Coal ,1187.4085563311328,-2370.8171126622656,-2360.7892817126444,-0.0007307803290634248,1.288903562845617,0.006931328469709463,0.0025157010132323197,0.04681986852628237,True,1427.6101050843354,-2839.2202101686707,-2799.1088863701866,-0.0038690038657826415,0.010510298894580104,1.0812126706793674,1.6680899737712547,0.002494953184333839,0.019077053957212632,0.9901195996424604,0.030204247710264094,0.002042280229844393,0.00902171818222914,0.04827470142043464,0.33457747913474584,0.000215470290755651,0.0038601703823471158,0.005363056734736478,0.018603995303735486,-3.0750013818074596e-06,0.000938209853074561,4.731955792594155e-07,-4.880979769899294e-05,0.6547055098422718,0.34529449015772806,0.7504540895332067,0.2495459104667928
Oil  ,2015.036719225653,-4026.073438451306,-4016.045607501685,0.0015486201635509177,0.8710629422760796,0.0015644144988958815,0.0011951617919210885,0.02224323068244274,True,2015.0367192256533,-4014.0734384513066,-3973.9621146528225,0.001548620163550916,0.001548620163550916,0.8710629422760798,0.8710629422760798,0.0015616008037539824,0.0015616008037539824,0.5,0.5,0.001183896908581427,0.001183896908596262,0.03122257690416203,0.03122257690413924,8.317405023256634e-05,8.317404790916364e-05,2.8805031731820766e-13,2.465755006330943e-13,1.4016118901662111e-06,0.0009748493085355999,6.917922438793561e-09,-7.094583261057911e-26,0.5,0.5,0.5,0.5
Util ,2109.9381221544145,-4215.876244308829,-4205.848413359208,0.0009528563068747396,0.7739124932580455,0.0013189364015348997,0.001097394329814576,0.020423674344905704,True,2263.0641805567066,-4510.128361113413,-4470.0170373149285,-0.0001938830843543572,0.0026009110381842713,0.8930974324400932,0.6047054684656733,0.0031244814913350383,0.0006519614557505505,0.9859286792870093,0.004104750088430939,0.0033712031512837227,0.0009210564341970456,0.05146025342846125,0.0270862083516987,0.0003072189952406963,3.833133854356179e-05,0.006673827060820625,0.003044733618589576,7.866750345615892e-08,-4.352214944121643e-05,1.2834817073126428e-09,-6.062192568905218e-06,0.003842063121798583,0.9961579368782014,0.2455256615233375,0.754474338476664
Telcm,2347.31754203438,-4690.63508406876,-4680.607253119139,0.001417660922557623,0.6618938136455292,0.0008606083575896406,0.0008864486118287858,0.016497750425358886,True,2439.713357269191,-4863.426714538382,-4823.315390739897,0.0017127610770803377,0.003355232620930979,0.7330239039601814,0.3241109541063562,0.0009827410575689705,0.0001665504420528443,0.9812537422140852,0.05951421260711282,0.0011454924056771036,0.0014056878457078428,0.05431650012300591,0.028168004304309897,8.17107414064687e-05,9.777643404772209e-05,0.018542373862234812,0.02713516352172471,-4.0046575308515575e-07,0.000384154742847977,4.3426950909146245e-09,-0.0003368523818788431,0.9667718932399548,0.033228106760045104,0.7644870811155478,0.23551291888445372
PerSv,1342.5723737206458,-2681.1447474412917,-2671.1386165237186,-0.0005543430191189264,1.0867808923419608,0.005107230954651172,0.0021707160632336484,0.040238704899342045,True,1606.0767340615023,-3196.1534681230046,-3156.128944452713,-0.0003161261733704548,0.000478629970756295,0.9608922541547189,1.2331724457886895,0.0017576610503377142,0.018697720441350454,0.9812517859775588,0.07924708690291754,0.0018806477115993168,0.01098858903108592,0.04903785007559076,0.18790777206008913,0.000271846667845725,0.007890894006009978,0.008524003055583498,0.037904256648623603,-7.980698248429035e-06,-0.0009909952782070932,1.7615546812717845e-06,-5.233058425131727e-05,0.9900260848751379,0.009973915124862072,0.8060055722811972,0.1939944277188021
BusSv,1736.7951473745256,-3469.5902947490513,-3459.56246379943,0.001252944885279494,0.8910172976951227,0.0025804043555908993,0.0015349515358755754,0.028567078808610775,True,2223.375496197718,-4430.750992395436,-4390.639668596951,0.0002738886847472584,0.0015308852613144601,1.0741146161664532,0.6437096817370291,0.0006708050091663568,0.014853839853446883,0.9920782263333388,0.0569283123083794,0.0008927392026383248,0.012398328536807366,0.05512647398279318,0.10333261768166407,7.525037460964777e-05,0.005057509600080902,0.013496789336149064,0.10497185728144091,-1.2509094231531196e-06,-0.002731971167671197,6.779575827492071e-09,-0.001319213959010713,0.9960146282334759,0.003985371766524093,0.8747877238166073,0.12521227618339204
Hardw,1923.9112562290484,-3843.8225124580968,-3833.7946815084756,0.002109177895628778,1.11540111152804,0.0018430215094317154,0.0012972270213554003,0.024142773035879802,True,2020.1325978884902,-4024.2651957769804,-3984.153871978496,0.001603629763316443,0.008289620761154911,1.0483595696571864,1.6635523608599885,0.0012702118294024571,0.005620127120039745,0.9961702153605545,0.03429803858384006,0.0011156432131690529,0.007200378726850089,0.030718635344467077,0.21076672382781703,7.177971145858855e-05,0.0010368064546799742,0.002850674116207776,0.02265456119011472,-3.483710375299084e-07,-0.0006400249382117405,4.94844229257523e-10,-1.914697570970105e-05,0.9929889065222918,0.0070110934777081,0.8952373467357166,0.10476265326428236
Softw,661.463013270169,-1318.926026540338,-1309.9906290881293,-0.002419923228091195,1.6210266023576807,0.0075289506374240185,0.0034425077530455092,0.0767602601945956,True,857.9143748034044,-1699.8287496068087,-1664.087159797974,0.0035712242634033916,-0.00479391618287312,1.1145008530833729,1.9006804047235213,0.0010324394004730217,0.013479074815832635,0.9858045003459525,0.014406755048166357,0.0021266235822272606,0.006516930156975164,0.06937583101261963,0.13297570466504516,0.00010855943931713596,0.0025495314708257797,0.00805040119621191,0.0126755139155417,-6.035538210788519e-07,0.0006129565301082777,9.218560999002141e-08,-4.7001115526973566e-05,0.9946627204798556,0.005337279520144349,0.5027574766388475,0.4972425233611518
Chips,1813.289642471093,-3622.579284942186,-3612.551453992565,1.7709791596540354e-05,1.3439045825323377,0.002248731066035679,0.001432912081554113,0.02666801615740721,True,1943.9019966791684,-3871.803993358337,-3831.6926695598527,-0.00010936538298137138,0.000660269798150667,1.2726931825133607,1.3858853499575594,0.0008900386541336225,0.004259543754050105,0.9884192446940024,0.015398789748752835,0.0012707151566856301,0.003236612651422648,0.040400530725450426,0.06507454729609814,0.00011330677011341851,0.0004900223259561835,0.006671029156412885,0.009572128803914358,-3.596708844256643e-07,-0.0008003382357031349,2.9337871060412193e-08,-2.473478294498959e-05,0.16183850677586287,0.838161493224137,0.6006540970881735,0.3993459029118284
LabEq,1922.579330159148,-3841.158660318296,-3831.1308293686748,0.002080933163666068,0.9963497366955893,0.0018474418529674447,0.0012987817386808486,0.024171707977031453,True,1992.0108795471124,-3968.0217590942248,-3927.9104352957406,0.005097765553573139,0.0014787737380658047,0.6531428454065712,1.259234728146502,0.0017285527117989062,0.0015372404847739545,0.9940528223948922,0.0025294204810366243,0.0025390975415958686,0.0013546690027874896,0.04923046534048905,0.034178342515762496,0.00028456418556915375,0.00011346893255862966,0.0075343085743392576,0.00241680593881308,1.9150272881286348e-08,5.416654255423194e-05,-1.4471731972094592e-08,-8.746741042158726e-06,0.0058478527614598975,0.9941521472385402,0.26751518376588257,0.7324848162341179
Paper,692.174746205417,-1380.349492410834,-1370.4042799082306,0.0009398024695714442,1.667590685118458,0.01602791967204752,0.003899461468924843,0.07218204626218844,True,1777.324908443597,-3538.649816887194,-3498.86896687678,-0.0011955706514977665,0.05358328718278885,1.116843982010424,2.694473711022477,0.0012226163581780588,0.1489877113908718,0.989839805337496,0.10250015923412834,0.0011627513226224054,0.03687866657809482,0.03482586318923474,0.8628800891996288,0.0001129772773349946,0.06349908082588704,0.005543646089608219,0.06139392384715948,-9.126688891069637e-07,-0.0010700948564268595,3.2870437836615155e-06,-0.0001607205245035868,0.9990093297376161,0.0009906702623838559,0.9471057558111535,0.05382186980668193
Boxes,2164.0070704249597,-4324.014140849919,-4313.986309900299,0.0016099087514605459,0.9540519347221714,0.001196713854219491,0.0010453120191653146,0.019454367211698208,True,2265.014709977917,-4514.029419955834,-4473.918096157349,0.0014789751993402143,0.0012021410857797916,1.0213163063252297,0.9059563056051444,0.0005973558471518684,0.0023226485522039675,0.9911821471989067,0.0148042083183633,0.0014503374574232238,0.0029630577958128963,0.0456935819708393,0.048665401211679324,7.509447651824194e-05,0.000402492476495006,0.0058982461925383796,0.013554519647907574,-1.7929793580821388e-06,-0.00012040442797376901,1.890706815181847e-08,-3.8259478710281967e-05,0.3607339349058214,0.6392660650941786,0.659316090016525,0.34068390998347375
Trans,2108.7847832987045,-4213.569566597409,-4203.541735647788,-0.0009731302989764779,1.1392969763477643,0.0013216751774745182,0.0010985331104864204,0.02044486826304446,True,2211.3101270408233,-4406.620254081647,-4366.508930283162,-0.00211345220384602,0.009335956478762125,1.1153149914317992,1.1857694284430953,0.0008064406973630474,0.0052684122981461875,0.9814228387708882,0.14986816274736192,0.0012767264679758486,0.00746569431187471,0.04666040184819874,0.18044065773575238,0.00010752633305249734,0.002443776924417424,0.01189024532530058,0.09586951259204485,1.7823976138854309e-06,-0.005460577187691424,2.2203829366855855e-07,-0.00012872014221134624,0.9842462944531339,0.015753705546866136,0.8888603364279806,0.11113966357202411
Whlsl,1883.7669183420276,-3763.533836684055,-3753.506005734434,-0.0017124124891590175,1.0887857311300213,0.001981013130789991,0.0013449138366581038,0.025030275330932345,True,2190.9617093954625,-4365.923418790925,-4325.8120949924405,-0.0007643726951022344,-0.0032626542048848402,1.047255074786775,1.1224408458566115,0.0005106433871188686,0.005398372977355247,0.9870296580972946,0.029264630600837376,0.0010027826070365823,0.004260064376036394,0.02574424999542452,0.09282805173691872,5.245425057428077e-05,0.000982304512874169,0.006851564565068059,0.01798197377449894,-8.429603200209802e-07,-0.00028112185324604837,2.55793706958569e-08,-6.153839735928968e-05,0.9937076951111752,0.006292304888824872,0.7008964196779646,0.2991035803220389
Rtail,2317.633683358127,-4631.267366716254,-4621.239535766634,0.0012586631525311799,0.9674671481052852,0.0009078033377292283,0.0009104302353379978,0.016944073916839872,True,2374.219296986422,-4732.438593972844,-4692.327270174359,0.0016825699917676139,0.0011094296787000518,0.9857247004341154,0.9191598071869534,0.0013937092111172972,0.0003801844829322606,0.9672820566327823,0.03534504690930507,0.0017550497430032536,0.0011822225100523095,0.03302231559668667,0.04258885020465494,0.00014056365932952532,4.892351453943519e-05,0.01682836944215944,0.0158703834918773,-6.726071007402605e-07,-0.00041824769473561903,2.988334304196455e-09,-0.00015451524838064416,0.6485968453949398,0.35140315460506016,0.5162413342451221,0.4837586657548767
Meals,1978.0086065358596,-3952.017213071719,-3941.989382122098,0.001717422228707474,0.9408996338083571,0.0016721478818958887,0.0012356290954809047,0.022996370193981656,True,2064.5618610960228,-4113.1237221920455,-4073.0123983935614,0.0004881375992266889,0.005017128155943253,0.9461624020549346,0.9314475050002488,0.0008637694417487669,0.003811149378814336,0.9759110031341675,0.06586689964112126,0.0013675473415805035,0.004281024486577599,0.06581127030280033,0.1546838576976377,0.00014925508750171079,0.001731872656099179,0.01045640750790332,0.07986805744325468,-6.937057120068929e-07,-0.007653737241753386,2.3453840993957755e-07,-0.0005603541400440107,0.9429297345635823,0.057070265436417765,0.72811029574632,0.2718897042536813
Banks,1906.321826323021,-3808.643652646042,-3798.615821696421,0.002177180750632344,1.0465414851997379,0.0019022587859873152,0.0013179094859349148,0.024527695674666745,True,2070.894098311388,-4125.788196622776,-4085.676872824292,0.0010933786564008105,0.006625787777796339,1.0074473514806404,1.0866811706711823,0.0008391545899410723,0.005570822903055011,0.9845469634343841,0.05263898799599717,0.0011335792718640168,0.00548559331363364,0.04103608817861962,0.0652775371563168,7.482514551288806e-05,0.0009571846595079395,0.00747752282371229,0.024026529380672547,-1.1882617339905213e-06,-0.0008487817245685813,4.1753298315699316e-08,-8.827413617688445e-05,0.9877581552682779,0.012241844731722072,0.7783243586953836,0.22167564130461792
Insur,1886.8088587092975,-3769.617717418595,-3759.589886468974,0.0005292722420905916,1.117860497023043,0.0019702043735552776,0.0013412397746044935,0.024961897132806797,True,2050.4057229880827,-4084.8114459761655,-4044.7001221776814,-0.00049787519897349,0.011119119982435305,0.9532369249103547,1.3684322257312764,0.0009655359571583259,0.006687723952669448,0.9756428634051408,0.13937461652231253,0.001132130773622842,0.008335254192804576,0.045258368731646605,0.12112845647759159,0.00010399727490640717,0.0018223452527418326,0.008743228597538144,0.06832538915029973,-1.939812304679122e-06,0.0009395341743618263,1.4602529956154762e-07,-7.772210383789115e-05,0.9782064091017892,0.02179359089821076,0.8500665663090822,0.14993343369091752
RlEst,1401.663481766203,-2799.326963532406,-2789.2991325827848,-0.003352977661266427,1.2906857313184676,0.004714773646772836,0.0020748237388685366,0.0386146740642361,True,1609.7564335155162,-3203.5128670310323,-3163.401543232548,0.005987007601622016,-0.005065124783383153,1.493439982063416,1.1370761910184066,0.01575087779364332,0.001778287002187961,0.8772006820867199,0.030581115939533905,0.010899660457086487,0.0019288063780883058,0.15961224683735983,0.11260605682818912,0.0071198822680665925,0.00028096769737392805,0.10054824855635454,0.012622424133496568,-6.548014866127497e-06,-0.0056168878774559014,1.6913527205499813e-06,-0.0007295625750385532,0.029871992563764466,0.9701280074362356,0.2011319244240493,0.798868075575951
Fin  ,2227.021189066063,-4450.042378132126,-4440.014547182505,-0.0005103115072983659,1.300146622003703,0.0010684880371576231,0.0009877240231043242,0.018382593423761726,True,2388.8960218603506,-4761.792043720701,-4721.680719922217,0.0034387648500502875,-0.0006262728632702424,1.537247880673419,1.127227991362803,0.0023038211380400036,0.00048637291909487686,0.9502892123797261,0.0172380564664099,0.004408314785612868,0.0009543494587052373,0.05881740343559657,0.04099781548310531,0.0007150903014087606,6.072492671108147e-05,0.03692530070791288,0.007720095822425741,-1.7106540785806602e-06,0.0005978592366878541,3.57121922298391e-08,-9.381802772967708e-05,0.01303029862645325,0.9869697013735468,0.2512742538163577,0.7487257461836432
Other,1825.881572400243,-3647.763144800486,-3637.7353138508647,-0.002547980713481642,1.0583213536283196,0.0021983756142528437,0.0014167777688324718,0.02636773945663243,True,1956.6820515043019,-3897.3641030086037,-3857.2527792101196,-0.00017804938692628745,-0.007557737367436878,1.0636137140074944,1.050005818550079,0.0009190584177089909,0.0048211371124081285,0.9791942468179579,0.04470333317127821,0.0015027932751823787,0.004861065625453964,0.06092853461811533,0.0827721268919916,0.00036653190018085,0.0017132526393731115,0.02641620028486342,0.024596734408606578,1.3537250742749994e-06,-0.0026688422745482186,5.861557578548176e-07,-0.00039277752518462005,0.9267476053509882,0.07325239464901173,0.6763114091664596,0.3236885908335421
